<?xml version="1.0" encoding="utf-8" standalone="no"?>
<dublin_core schema="dc">
  <dcvalue element="contributor" qualifier="author">outros</dcvalue>
  <dcvalue element="coverage" qualifier="spatial" language="pt_BR">Centro&#x20;de&#x20;Documentação&#x20;Eloy&#x20;Ferreira&#x20;da&#x20;Silva</dcvalue>
  <dcvalue element="date" qualifier="none">1983-06-21</dcvalue>
  <dcvalue element="date" qualifier="accessioned">2018-03-06T13:14:48Z</dcvalue>
  <dcvalue element="date" qualifier="available">2018-03-06T13:14:48Z</dcvalue>
  <dcvalue element="identifier" qualifier="uri">http:&#x2F;&#x2F;localhost:8080&#x2F;xmlui&#x2F;?themepath=Mirage&#x2F;&#x2F;handle&#x2F;123456789&#x2F;1546</dcvalue>
  <dcvalue element="description" qualifier="none" language="pt_BR">Documento&#x20;sobre&#x20;Cachoeirinha&#x20;elaborado&#x20;pelo&#x20;Padre&#x20;José&#x20;Silveira&#x20;dos&#x20;Anjos,&#x20;Vigário&#x20;de&#x20;Varzelândia,&#x20;Diocese&#x20;de&#x20;Montes&#x20;Claros&#x20;que&#x20;foi&#x20;encontrado&#x20;no&#x20;Centro&#x20;de&#x20;Documentação&#x20;Eloy&#x20;Ferreira&#x20;da&#x20;Silva.</dcvalue>
  <dcvalue element="description" qualifier="provenance" language="en">Submitted&#x20;by&#x20;Comissão&#x20;da&#x20;Verdade&#x20;em&#x20;Minas&#x20;Gerais&#x20;(comissaoverdademg@gmail.com)&#x20;on&#x20;2018-03-06T13:14:48Z&#x0A;No.&#x20;of&#x20;bitstreams:&#x20;1&#x0A;Imag&#x20;CDFS&#x20;1941-1942.pdf:&#x20;415328&#x20;bytes,&#x20;checksum:&#x20;fbfe1b467f4600dfb18196f60f2f9da6&#x20;(MD5)</dcvalue>
  <dcvalue element="description" qualifier="provenance" language="en">Made&#x20;available&#x20;in&#x20;DSpace&#x20;on&#x20;2018-03-06T13:14:48Z&#x20;(GMT).&#x20;No.&#x20;of&#x20;bitstreams:&#x20;1&#x0A;Imag&#x20;CDFS&#x20;1941-1942.pdf:&#x20;415328&#x20;bytes,&#x20;checksum:&#x20;fbfe1b467f4600dfb18196f60f2f9da6&#x20;(MD5)</dcvalue>
  <dcvalue element="subject" qualifier="none" language="pt_BR">Morte</dcvalue>
  <dcvalue element="subject" qualifier="none" language="pt_BR">Assassinato</dcvalue>
  <dcvalue element="subject" qualifier="none" language="pt_BR">Camponês</dcvalue>
  <dcvalue element="subject" qualifier="none" language="pt_BR">Trabalhador&#x20;Rural</dcvalue>
  <dcvalue element="title" qualifier="none" language="pt_BR">Imag&#x20;CDFS&#x20;1941-1942</dcvalue>
  <dcvalue element="type" qualifier="none" language="pt_BR">Relatório</dcvalue>
</dublin_core>
